id,first_name,last_name,email,gender,age
1,Ainslee,Wines,awines0@epa.gov,Female,63
4,Stavro,Scaplehorn,sscaplehorn3@devhub.com,Male,65
5,Carolynn,Hornung,chornung4@about.me,Female,70
6,Jaine,Bernardi,jbernardi5@webeden.co.uk,Female,20
7,Orren,Tibbs,otibbs6@ehow.com,Male,29
8,Michel,Bushill,mbushill7@youku.com,Male,55
9,Odelle,Faustian,ofaustian8@w3.org,Female,69
11,Randolf,Jouannisson,rjouannissona@spotify.com,Male,63
14,Auroora,Loren,alorend@usnews.com,Female,66
15,Reidar,McKew,rmckewe@ucoz.ru,Male,20
17,Freda,Collumbine,fcollumbineg@blogs.com,Female,45
20,Gawain,Farbrother,gfarbrotherj@loc.gov,Male,22
21,Curt,Purle,cpurlek@washington.edu,Male,22
22,Ximenez,Conradie,xconradiel@seattletimes.com,Male,48
23,Brynne,Fooks,bfooksm@bluehost.com,Female,67
25,Morty,Kemball,mkemballo@fc2.com,Male,71
26,Cody,Cloy,ccloyp@sakura.ne.jp,Female,69
27,Aksel,Antill,aantillq@pcworld.com,Male,27
28,Gnni,Chazelle,gchazeller@devhub.com,Female,71
29,Jarrett,Doubrava,jdoubravas@apple.com,Male,76
31,Sibyl,Strutton,sstruttonu@amazon.co.jp,Polygender,54
32,Claiborn,Eaddy,ceaddyv@ycombinator.com,Male,35
33,Adrian,Olyet,aolyetw@virginia.edu,Male,54
34,Gay,Mecchi,gmecchix@ameblo.jp,Female,26
35,Mendie,Fluck,mflucky@virginia.edu,Male,72
36,Tito,Chillingworth,tchillingworthz@aol.com,Male,65
37,Derron,Kubelka,dkubelka10@w3.org,Male,61
38,Merrily,Beavis,mbeavis11@i2i.jp,Female,54
39,Morgana,Cosker,mcosker12@phpbb.com,Agender,36
40,Jarred,Fluin,jfluin13@reverbnation.com,Male,21
42,Falito,Plume,fplume15@dot.gov,Polygender,20
43,Laetitia,Quarless,lquarless16@bluehost.com,Non-binary,69
44,Morna,Filintsev,mfilintsev17@vkontakte.ru,Female,53
45,Courtney,Barrowcliffe,cbarrowcliffe18@unicef.org,Female,52
46,Cobbie,Lambourn,clambourn19@phoca.cz,Male,71
47,Pavel,Pigney,ppigney1a@sun.com,Male,48
48,Homere,Bussen,hbussen1b@fema.gov,Male,34
49,Ulrich,Lawlings,ulawlings1c@geocities.com,Male,28
50,Sutton,Aggus,saggus1d@gnu.org,Male,38
51,Eugene,Capineer,ecapineer1e@plala.or.jp,Male,57
52,Branden,Carnelley,bcarnelley1f@usda.gov,Male,73
54,Frazer,Pampling,fpampling1h@indiatimes.com,Male,64
56,Ario,Van Dalen,avandalen1j@blog.com,Non-binary,57
57,Towney,Riccard,triccard1k@miitbeian.gov.cn,Male,30
58,Tedd,Ellit,tellit1l@ovh.net,Male,65
60,Britteny,Phillip,bphillip1n@about.com,Female,70
61,Vincenz,Ayris,vayris1o@yale.edu,Male,18
62,Elsbeth,Cawthra,ecawthra1p@geocities.com,Female,64
65,Emilee,Simonnet,esimonnet1s@flickr.com,Polygender,64
66,Cyndia,Gillespey,cgillespey1t@woothemes.com,Female,57
70,Winna,Rawne,wrawne1x@cloudflare.com,Female,27
72,Noelyn,Letchford,nletchford1z@facebook.com,Female,78
73,Nathanael,Lahive,nlahive20@yellowpages.com,Male,37
74,Zelig,Garmon,zgarmon21@europa.eu,Male,73
75,Reinwald,Messingham,rmessingham22@dion.ne.jp,Male,42
76,Berne,Ferry,bferry23@elpais.com,Male,25
77,Pacorro,Lampens,plampens24@prnewswire.com,Male,62
78,Julius,Chamberlain,jchamberlain25@github.com,Male,71
82,Emlynn,Wehner,ewehner29@toplist.cz,Female,54
83,Sergent,Billings,sbillings2a@pcworld.com,Male,78
84,Poul,Cheel,pcheel2b@netlog.com,Male,25
85,Wolfy,Hefner,whefner2c@yahoo.com,Male,39
86,Emilio,Tofpik,etofpik2d@narod.ru,Male,32
88,Samson,Wagstaffe,swagstaffe2f@geocities.jp,Male,59
89,Shelton,Mudle,smudle2g@squidoo.com,Male,80
90,Dermot,Griffoen,dgriffoen2h@tiny.cc,Agender,68
91,Liane,Barke,lbarke2i@bizjournals.com,Female,70
92,Monroe,Housbey,mhousbey2j@wiley.com,Male,36
94,Rasla,Meharg,rmeharg2l@earthlink.net,Female,75
95,Kristen,Roberson,kroberson2m@uol.com.br,Female,37
98,Tomlin,Levee,tlevee2p@wikispaces.com,Male,51
99,Cassandry,Loseke,closeke2q@amazon.com,Female,38
100,Jammal,Posnette,jposnette2r@nbcnews.com,Male,64
101,Chrystal,Ambrosio,cambrosio2s@acquirethisname.com,Female,71
102,Abra,Perri,aperri2t@sourceforge.net,Female,20
105,Delmar,Leatherborrow,dleatherborrow2w@sciencedirect.com,Male,68
109,Dev,Calvard,dcalvard30@seesaa.net,Male,66
110,Meggi,Lindop,mlindop31@bbb.org,Female,37
111,Ranee,Rochell,rrochell32@army.mil,Female,46
112,Robinette,Goulden,rgoulden33@360.cn,Female,65
113,Lombard,McRobb,lmcrobb34@blogger.com,Male,46
116,Tracy,Stuehmeyer,tstuehmeyer37@baidu.com,Male,80
117,Aridatha,Mitcham,amitcham38@goo.ne.jp,Non-binary,29
119,Malory,Earle,mearle3a@fda.gov,Female,63
120,Quintana,Ivakin,qivakin3b@twitter.com,Female,63
121,Laurie,Skeleton,lskeleton3c@mlb.com,Male,25
123,Olenolin,Bysaker,obysaker3e@ebay.co.uk,Male,57
124,Kienan,Beamond,kbeamond3f@gravatar.com,Male,25
127,Windy,Latek,wlatek3i@wp.com,Female,25
128,Lexis,Baumler,lbaumler3j@rambler.ru,Female,60
129,Westley,Poulsum,wpoulsum3k@tripadvisor.com,Male,74
131,Anett,Ferraresi,aferraresi3m@wisc.edu,Non-binary,64
134,Jared,Rennie,jrennie3p@utexas.edu,Male,63
135,Eddie,Skaid,eskaid3q@europa.eu,Female,70
136,Lorette,Bachs,lbachs3r@digg.com,Agender,19
137,Carroll,Snape,csnape3s@dion.ne.jp,Female,46
139,Corny,Briggs,cbriggs3u@ehow.com,Female,31
141,Eduino,Kidde,ekidde3w@psu.edu,Male,33
143,Nonie,Nayer,nnayer3y@newsvine.com,Female,76
146,Renee,Dudbridge,rdudbridge41@odnoklassniki.ru,Female,65
148,Zared,Symington,zsymington43@mlb.com,Male,47
149,Zackariah,Plant,zplant44@goo.gl,Male,63
150,Shelley,Klagges,sklagges45@cyberchimps.com,Bigender,66
151,Randell,Seamons,rseamons46@latimes.com,Male,76
152,Collin,Atcock,catcock47@blog.com,Male,43
153,Editha,Needs,eneeds48@europa.eu,Female,29
157,Kent,Durrand,kdurrand4c@creativecommons.org,Male,29
159,Hugh,Delort,hdelort4e@dyndns.org,Genderqueer,42
160,Lari,Maillard,lmaillard4f@live.com,Female,19
162,Agnella,Croce,acroce4h@state.tx.us,Agender,59
163,Zahara,Beddingham,zbeddingham4i@studiopress.com,Female,60
164,Noelle,Banstead,nbanstead4j@vkontakte.ru,Female,59
167,Ellie,Durdy,edurdy4m@artisteer.com,Female,37
168,Karrie,Dog,kdog4n@google.it,Female,20
174,Arleen,Dennidge,adennidge4t@who.int,Female,67
175,Elysia,Ashlee,eashlee4u@parallels.com,Non-binary,60
176,Stuart,Espinet,sespinet4v@flickr.com,Male,22
177,Efrem,Golborne,egolborne4w@samsung.com,Male,71
178,Dannye,Gosalvez,dgosalvez4x@sun.com,Female,46
179,Dory,Coster,dcoster4y@nbcnews.com,Male,63
182,Norrie,Edler,nedler51@netscape.com,Genderfluid,47
183,Charmane,Morfett,cmorfett52@epa.gov,Female,53
184,Leona,Stork,lstork53@taobao.com,Female,56
186,Odelle,Darrow,odarrow55@163.com,Female,42
187,Jorge,Shalliker,jshalliker56@shareasale.com,Genderqueer,56
188,Marietta,Peer,mpeer57@people.com.cn,Female,64
189,Herta,Mirralls,hmirralls58@vkontakte.ru,Female,44
190,Cele,Rolingson,crolingson59@oracle.com,Polygender,19
193,Nate,Trussler,ntrussler5c@tripod.com,Male,30
194,Derrik,Butts,dbutts5d@sun.com,Male,43
196,Isador,Stowe,istowe5f@edublogs.org,Non-binary,39
197,Lilly,Paulack,lpaulack5g@godaddy.com,Female,40
198,Lauralee,Revening,lrevening5h@admin.ch,Female,76
199,Herc,Bresland,hbresland5i@bbb.org,Male,67
200,Elaina,Pester,epester5j@cbc.ca,Female,33
202,Susan,Kreuzer,skreuzer5l@sbwire.com,Female,42
203,Jacques,Upwood,jupwood5m@mapy.cz,Male,26
206,Keelby,Bendelow,kbendelow5p@kickstarter.com,Male,21
207,Carissa,Sibray,csibray5q@cmu.edu,Female,18
209,Jerrome,Coppens,jcoppens5s@skyrock.com,Male,31
210,Leeann,Bakesef,lbakesef5t@guardian.co.uk,Female,65
211,Cassaundra,MacLaverty,cmaclaverty5u@ted.com,Female,45
212,Jefferey,Marcu,jmarcu5v@ted.com,Male,46
213,Lacie,Mc Giffin,lmcgiffin5w@ovh.net,Female,20
215,Abbot,Ounsworth,aounsworth5y@1688.com,Male,45
216,Herbie,Lenthall,hlenthall5z@deliciousdays.com,Male,61
218,Dunstan,Dunrige,ddunrige61@google.de,Male,57
222,Shaun,Older,solder65@marriott.com,Female,63
223,Linc,Winfindale,lwinfindale66@i2i.jp,Male,41
224,Kareem,Kemmons,kkemmons67@xinhuanet.com,Male,71
225,Marlo,Brattan,mbrattan68@infoseek.co.jp,Male,61
227,Wally,Schollick,wschollick6a@toplist.cz,Non-binary,67
228,Helenelizabeth,Winch,hwinch6b@nsw.gov.au,Female,57
229,Montgomery,MacAleese,mmacaleese6c@google.com,Male,60
230,Godfrey,Loch,gloch6d@arstechnica.com,Male,64
234,Abram,Bridgnell,abridgnell6h@naver.com,Male,63
237,Dugald,Corbin,dcorbin6k@mozilla.org,Male,74
238,Annalise,Tippings,atippings6l@shop-pro.jp,Female,37
240,Ethelbert,Maymand,emaymand6n@t.co,Male,69
241,Shalom,Littlejohn,slittlejohn6o@wikispaces.com,Male,29
242,Dean,Shuter,dshuter6p@rediff.com,Genderqueer,59
244,Worden,Simonson,wsimonson6r@adobe.com,Male,41
246,Bordie,Kibbel,bkibbel6t@dion.ne.jp,Male,52
247,Thomasin,Bonifacio,tbonifacio6u@cargocollective.com,Female,45
249,Del,Aymerich,daymerich6w@amazon.de,Male,78
250,Sidoney,Liebmann,sliebmann6x@g.co,Female,78
253,Tomasina,Amdohr,tamdohr70@answers.com,Female,44
254,Charmian,McAtamney,cmcatamney71@cmu.edu,Female,34
255,Merilyn,Ellse,mellse72@digg.com,Female,24
258,Peyter,Abramcik,pabramcik75@rediff.com,Polygender,44
259,Minne,Gebbie,mgebbie76@japanpost.jp,Female,67
261,Scot,Lygo,slygo78@epa.gov,Male,48
263,Emylee,Oleksinski,eoleksinski7a@addthis.com,Female,25
264,Garry,Ruberti,gruberti7b@homestead.com,Male,43
265,Kelli,Durston,kdurston7c@ucla.edu,Female,79
267,Melany,Scoble,mscoble7e@desdev.cn,Female,39
269,Kimberlee,Hiland,khiland7g@posterous.com,Female,50
272,Catherin,Francomb,cfrancomb7j@npr.org,Female,31
275,Chery,Routledge,croutledge7m@xing.com,Female,73
276,Kyrstin,Gawthrop,kgawthrop7n@sogou.com,Female,78
277,Killy,Urry,kurry7o@yahoo.com,Male,20
279,Lorenza,Tamplin,ltamplin7q@yandex.ru,Female,59
281,Georas,Southam,gsoutham7s@timesonline.co.uk,Male,43
283,Wallie,Delgua,wdelgua7u@cbsnews.com,Male,75
285,Brennen,Leathley,bleathley7w@vkontakte.ru,Male,48
286,Sadella,Gallehawk,sgallehawk7x@mysql.com,Genderfluid,72
287,Reynard,Yglesia,ryglesia7y@github.com,Male,28
288,Mirelle,Micco,mmicco7z@odnoklassniki.ru,Female,24
289,Corene,Lennox,clennox80@nbcnews.com,Female,61
290,Zeb,Metzke,zmetzke81@rambler.ru,Male,43
291,Fonz,Hardaker,fhardaker82@springer.com,Male,37
292,Erek,Korf,ekorf83@360.cn,Male,30
294,Jorgan,Loftin,jloftin85@typepad.com,Male,34
295,Clayton,Whal,cwhal86@washingtonpost.com,Male,68
296,Brigitta,Hudd,bhudd87@ebay.com,Female,56
299,Darryl,Haine,dhaine8a@meetup.com,Female,65
300,Lisle,Beane,lbeane8b@hatena.ne.jp,Male,77
302,Homer,Sudron,hsudron8d@google.fr,Male,54
303,Peder,Attwooll,pattwooll8e@theglobeandmail.com,Male,50
305,Anselma,Tregenza,atregenza8g@diigo.com,Female,51
306,Gothart,Dolden,gdolden8h@blinklist.com,Male,36
308,Goldie,Ghelardoni,gghelardoni8j@bing.com,Female,40
309,Kerstin,Stuchbury,kstuchbury8k@springer.com,Female,33
310,Harley,Shakespeare,hshakespeare8l@cpanel.net,Female,27
311,Tull,Purvis,tpurvis8m@google.com,Male,78
312,Vania,Mallard,vmallard8n@google.ca,Female,36
313,Elianora,Martlew,emartlew8o@nps.gov,Female,31
314,Guntar,Chaffen,gchaffen8p@theatlantic.com,Male,67
315,Katharine,Descroix,kdescroix8q@utexas.edu,Female,57
318,Pattie,Jacquemot,pjacquemot8t@java.com,Female,68
320,Locke,Boorman,lboorman8v@youtube.com,Male,78
321,Ferdinande,Burcombe,fburcombe8w@biblegateway.com,Female,20
322,Ruth,Askaw,raskaw8x@usgs.gov,Female,44
327,Giffer,Topley,gtopley92@vimeo.com,Male,75
328,Nehemiah,Purkiss,npurkiss93@mapquest.com,Agender,29
330,Katie,Veal,kveal95@toplist.cz,Female,61
332,Eddie,Bickell,ebickell97@godaddy.com,Female,21
333,Denni,MacGaffey,dmacgaffey98@linkedin.com,Bigender,68
334,Buck,Scripture,bscripture99@cdc.gov,Male,80
336,Dorie,Valentetti,dvalentetti9b@samsung.com,Female,19
337,Wenonah,Davio,wdavio9c@moonfruit.com,Female,72
338,Ara,Stithe,astithe9d@amazon.co.jp,Female,68
339,Olia,Beernaert,obeernaert9e@upenn.edu,Female,77
340,Darius,Govern,dgovern9f@blinklist.com,Genderqueer,49
342,Abel,Ingley,aingley9h@bluehost.com,Male,21
345,Valma,Purselow,vpurselow9k@techcrunch.com,Female,69
347,Dominique,O'Mullaney,domullaney9m@cloudflare.com,Male,52
348,Kirsteni,Sworder,ksworder9n@over-blog.com,Female,36
353,Oneida,Melson,omelson9s@studiopress.com,Female,26
356,Filberto,Edward,fedward9v@phpbb.com,Male,76
357,Nathanial,Pritchett,npritchett9w@tiny.cc,Male,49
359,Kennie,Weir,kweir9y@issuu.com,Male,65
361,Elladine,Yallop,eyallopa0@hexun.com,Female,48
362,Artie,Heazel,aheazela1@list-manage.com,Male,71
363,Isabelle,Davydochkin,idavydochkina2@disqus.com,Female,38
364,Marlon,Antonsen,mantonsena3@arizona.edu,Male,19
365,Melita,Bulfoot,mbulfoota4@51.la,Female,52
366,Sigfrid,Sikorsky,ssikorskya5@nifty.com,Male,56
368,Hendrika,Hiddersley,hhiddersleya7@ifeng.com,Female,29
369,Marni,Koopman,mkoopmana8@nasa.gov,Female,57
370,Florie,Leeves,fleevesa9@youtube.com,Female,73
371,Shaun,Caveill,scaveillaa@flavors.me,Female,76
372,Jarrid,Eton,jetonab@soundcloud.com,Male,70
373,Fletch,Picford,fpicfordac@mac.com,Male,61
374,Abbot,Dosdale,adosdalead@infoseek.co.jp,Male,71
375,Wyn,Fieldgate,wfieldgateae@yelp.com,Male,53
376,Vince,Holliar,vholliaraf@aboutads.info,Male,40
378,Joya,Domelaw,jdomelawah@w3.org,Female,75
379,Claudine,Dudny,cdudnyai@hibu.com,Female,25
380,Merrie,Quan,mquanaj@mediafire.com,Female,57
383,Marthena,Darlington,mdarlingtonam@sitemeter.com,Female,36
384,Cordelia,Kilday,ckildayan@fotki.com,Female,22
385,Debora,Embery,demberyao@constantcontact.com,Female,19
386,Bren,O' Bee,bobeeap@bluehost.com,Male,38
389,Raimundo,Leathard,rleathardas@time.com,Male,47
390,Dian,Cardew,dcardewat@biblegateway.com,Female,26
392,Nonnah,Kleen,nkleenav@cbslocal.com,Female,51
393,Fionnula,Gurnay,fgurnayaw@zdnet.com,Female,37
394,Clifford,Beyne,cbeyneax@trellian.com,Male,24
395,Tull,Cotty,tcottyay@tinypic.com,Male,38
396,Leupold,Wickardt,lwickardtaz@hao123.com,Male,25
397,Malinde,McCullough,mmcculloughb0@networkadvertising.org,Female,79
398,Regina,Souley,rsouleyb1@cnn.com,Female,41
399,Constancy,Alonso,calonsob2@liveinternet.ru,Bigender,33
400,Ethyl,Fallon,efallonb3@huffingtonpost.com,Female,25
401,Angelico,Di Gregorio,adigregoriob4@ycombinator.com,Male,74
402,Judie,Tows,jtowsb5@marketwatch.com,Female,21
403,Borg,Driffe,bdriffeb6@virginia.edu,Male,64
406,Kirsteni,Bartolomeo,kbartolomeob9@blogger.com,Female,62
407,Karlene,Everley,keverleyba@economist.com,Female,48
409,Roldan,Eddoes,reddoesbc@sphinn.com,Male,62
410,Valdemar,Dwyr,vdwyrbd@va.gov,Male,23
411,Dru,Boame,dboamebe@paypal.com,Male,45
412,Moyra,Gamlin,mgamlinbf@tmall.com,Female,65
415,Wald,Pattini,wpattinibi@chron.com,Male,27
416,Prissie,Le Cornu,plecornubj@blogtalkradio.com,Female,66
417,Donaugh,Costanza,dcostanzabk@amazon.co.uk,Male,27
419,Betta,Lovejoy,blovejoybm@seattletimes.com,Female,38
420,Rozanne,Brasener,rbrasenerbn@vimeo.com,Female,32
422,Cindi,Older,colderbp@hp.com,Female,45
423,Leroy,Mollen,lmollenbq@biglobe.ne.jp,Male,77
425,Hedy,Jeandon,hjeandonbs@pbs.org,Female,48
426,Brittani,Plum,bplumbt@shop-pro.jp,Female,34
427,Nicki,Pattullo,npattullobu@imdb.com,Female,72
428,Elinore,Andress,eandressbv@phpbb.com,Female,40
429,Shelden,Emerson,semersonbw@wunderground.com,Male,69
432,Donavon,Korneichik,dkorneichikbz@yandex.ru,Male,53
433,Trudey,Pigdon,tpigdonc0@moonfruit.com,Female,66
434,Jana,Gierck,jgierckc1@freewebs.com,Female,70
435,Page,Challicum,pchallicumc2@liveinternet.ru,Male,30
436,Clemente,Rushmare,crushmarec3@wikia.com,Male,65
437,Matilda,Boate,mboatec4@hubpages.com,Female,55
438,Jenelle,Warcop,jwarcopc5@addtoany.com,Female,64
439,Gabriello,Hindmore,ghindmorec6@shutterfly.com,Male,79
440,Bradford,Hickisson,bhickissonc7@columbia.edu,Bigender,24
441,Reggie,Skeath,rskeathc8@wikia.com,Male,58
444,Chancey,Breffitt,cbreffittcb@cisco.com,Male,34
446,Evyn,Hought,ehoughtcd@illinois.edu,Agender,44
447,Claudianus,McAllister,cmcallisterce@jimdo.com,Male,24
449,Millicent,Luxton,mluxtoncg@chronoengine.com,Female,50
450,Lindsy,Kamien,lkamiench@bbc.co.uk,Female,25
452,Britt,Carverhill,bcarverhillcj@umn.edu,Male,47
453,Lizzie,Baden,lbadenck@un.org,Female,58
455,Steffie,Ruckman,sruckmancm@irs.gov,Female,60
458,Annissa,Livens,alivenscp@vk.com,Female,74
459,Andree,Glading,agladingcq@etsy.com,Female,44
461,Deb,Bault,dbaultcs@chicagotribune.com,Female,73
462,Kristi,Springer,kspringerct@dailymail.co.uk,Female,70
467,Cam,Jurs,cjurscy@i2i.jp,Male,71
468,Nelson,Wall,nwallcz@webs.com,Male,72
470,Rickie,Crumly,rcrumlyd1@cbc.ca,Male,37
471,Brit,Hatje,bhatjed2@elpais.com,Female,72
476,Dorothea,Dench,ddenchd7@ft.com,Genderfluid,80
477,Marcos,Lanfere,mlanfered8@umn.edu,Male,48
478,Falkner,Braunle,fbraunled9@simplemachines.org,Male,50
479,Becka,Habbert,bhabbertda@drupal.org,Female,43
482,Herb,Karp,hkarpdd@soundcloud.com,Male,44
483,Carmella,Whardley,cwhardleyde@narod.ru,Female,62
484,Halsy,Scrowston,hscrowstondf@4shared.com,Male,36
485,Laney,Asch,laschdg@redcross.org,Male,43
486,Pamelina,Verbrugge,pverbruggedh@youtube.com,Female,38
487,Meara,Clemenza,mclemenzadi@ycombinator.com,Female,25
488,Noreen,Sponton,nspontondj@gizmodo.com,Female,65
490,Lacy,Garford,lgarforddl@deliciousdays.com,Female,76
493,Hillier,Greser,hgreserdo@cbslocal.com,Male,27
494,Adan,Lannin,alannindp@printfriendly.com,Genderqueer,26
495,Terrance,Keuneke,tkeunekedq@bravesites.com,Male,64
500,Brannon,Noice,bnoicedv@bravesites.com,Male,31
501,Jerald,Veal,jvealdw@yellowpages.com,Male,19
505,Wallis,Lyven,wlyvene0@wikimedia.org,Male,32
506,Konstanze,Glass,kglasse1@xinhuanet.com,Female,65
507,Rhys,Jones,rjonese2@nhs.uk,Male,55
508,Nerita,Gregon,ngregone3@fotki.com,Female,39
509,Willard,Spatarul,wspatarule4@cnn.com,Male,74
510,Archibald,Behnecke,abehneckee5@seattletimes.com,Male,18
512,Shellie,Bateman,sbatemane7@hibu.com,Female,76
514,Gordan,Ingerson,gingersone9@indiatimes.com,Male,64
515,Rikki,Dat,rdatea@plala.or.jp,Male,19
516,Ambrosio,Tremayle,atremayleeb@addthis.com,Non-binary,21
517,Jabez,Eyes,jeyesec@wisc.edu,Male,42
519,Ezekiel,Ronca,eroncaee@indiegogo.com,Male,32
520,Aurelia,Sabben,asabbenef@ucoz.ru,Female,42
521,Emelyne,Gooch,egoocheg@nydailynews.com,Female,68
522,Christian,Tomlin,ctomlineh@1und1.de,Male,75
523,Kendal,Haddleton,khaddletonei@geocities.com,Male,46
524,Clay,Gerkens,cgerkensej@illinois.edu,Male,42
525,Demetrius,Tremellan,dtremellanek@hhs.gov,Male,20
528,Dynah,Clooney,dclooneyen@github.com,Female,40
529,Neal,Rickesies,nrickesieseo@g.co,Bigender,50
530,Clemmy,Meegin,cmeeginep@moonfruit.com,Female,64
531,Nick,O'Mannion,nomannioneq@webmd.com,Polygender,31
532,Renaldo,Hinchshaw,rhinchshawer@blog.com,Male,35
533,Leonerd,Tottem,ltottemes@de.vu,Male,27
536,Dunstan,Farrears,dfarrearsev@columbia.edu,Male,46
541,Shaylyn,Moult,smoultf0@linkedin.com,Polygender,29
542,Myrvyn,Fenty,mfentyf1@virginia.edu,Male,56
543,Gratia,Greatbank,ggreatbankf2@simplemachines.org,Female,43
544,Celka,Simioni,csimionif3@utexas.edu,Female,54
548,Elisabetta,Coaten,ecoatenf7@accuweather.com,Female,56
549,Rowena,Cawse,rcawsef8@apache.org,Female,37
550,Ermina,Riddoch,eriddochf9@dion.ne.jp,Female,47
551,Ivor,Dohmann,idohmannfa@virginia.edu,Male,19
553,Westleigh,Anneslie,wannesliefc@fc2.com,Male,49
555,Elwood,Whistlecraft,ewhistlecraftfe@mediafire.com,Male,72
556,Leshia,Coole,lcooleff@mit.edu,Non-binary,31
557,Noland,Denkel,ndenkelfg@icio.us,Male,38
558,Hanna,Askey,haskeyfh@multiply.com,Female,26
559,Brenden,Bortolini,bbortolinifi@yellowbook.com,Male,69
560,Haskel,Cluney,hcluneyfj@google.ca,Male,19
561,Ines,Luffman,iluffmanfk@upenn.edu,Female,75
562,Sile,Chadney,schadneyfl@edublogs.org,Polygender,68
563,Jodie,Sanbroke,jsanbrokefm@google.nl,Female,67
564,Giselle,Vampouille,gvampouillefn@freewebs.com,Female,27
565,Renee,Kellet,rkelletfo@addthis.com,Agender,51
566,Krystal,Terris,kterrisfp@furl.net,Female,38
567,Jessamyn,Kearford,jkearfordfq@themeforest.net,Female,25
568,Bryan,Hanwright,bhanwrightfr@parallels.com,Male,44
569,Lucias,Kimmins,lkimminsfs@zdnet.com,Genderfluid,51
570,Aksel,Exer,aexerft@4shared.com,Male,35
571,Jolyn,Wittey,jwitteyfu@washingtonpost.com,Female,23
573,Henryetta,Calrow,hcalrowfw@theglobeandmail.com,Female,70
574,Dev,Pennigar,dpennigarfx@samsung.com,Male,53
577,Enriqueta,Turpey,eturpeyg0@constantcontact.com,Female,58
578,Alessandro,Philipet,aphilipetg1@imgur.com,Male,20
579,Guendolen,Dyshart,gdyshartg2@biglobe.ne.jp,Female,77
580,Sigfried,Di Giacomettino,sdigiacomettinog3@instagram.com,Male,38
581,Lory,Keyworth,lkeyworthg4@mapy.cz,Female,24
582,Fredrika,Lorne,florneg5@npr.org,Female,20
584,Fabian,Milligan,fmilligang7@cdc.gov,Male,58
587,Abbott,Onslow,aonslowga@joomla.org,Male,80
588,Zenia,Bartlomiej,zbartlomiejgb@cbc.ca,Agender,19
589,Courtenay,Herety,cheretygc@oaic.gov.au,Female,31
591,Keslie,Honeyghan,khoneyghange@hibu.com,Female,71
592,Xever,Mayall,xmayallgf@ifeng.com,Male,62
593,Bradford,Noah,bnoahgg@businessinsider.com,Male,39
594,Kelcy,Skipping,kskippinggh@hostgator.com,Female,70
595,Eddy,McIlrath,emcilrathgi@cmu.edu,Female,72
596,Skipper,Klee,skleegj@latimes.com,Male,39
597,Albertina,Sherwin,asherwingk@ebay.com,Female,70
598,Minetta,Bowness,mbownessgl@rediff.com,Female,53
600,Jude,Mottini,jmottinign@weebly.com,Male,69
601,Gregor,Cheson,gchesongo@webeden.co.uk,Bigender,21
602,Brit,Alleyn,balleyngp@google.com.br,Male,44
603,Roseanna,Tichner,rtichnergq@slashdot.org,Female,44
605,Catie,Akister,cakistergs@nps.gov,Female,71
608,Shaughn,Akers,sakersgv@multiply.com,Male,30
609,Angel,Enever,aenevergw@php.net,Female,49
612,Amara,McTeer,amcteergz@mozilla.com,Non-binary,73
613,Wylie,Godber,wgodberh0@fda.gov,Male,45
614,Windy,Sywell,wsywellh1@hugedomains.com,Female,47
615,Brandy,Skiplorne,bskiplorneh2@wsj.com,Male,46
617,Brandais,Callington,bcallingtonh4@icq.com,Female,32
618,Carmelina,Laste,clasteh5@wisc.edu,Female,72
620,Kare,Dalgliesh,kdalglieshh7@gmpg.org,Female,28
621,Adey,Macvey,amacveyh8@mysql.com,Female,49
622,Ferdy,Hairyes,fhairyesh9@cnet.com,Male,72
623,Whitman,Giannotti,wgiannottiha@google.com.br,Male,27
624,Raphaela,Pedrocco,rpedroccohb@ow.ly,Female,55
625,Lannie,Dyet,ldyethc@yale.edu,Male,53
626,Esteban,Lindenbaum,elindenbaumhd@ted.com,Male,29
629,Penny,Knee,pkneehg@patch.com,Male,63
630,Chevy,Ludmann,cludmannhh@squarespace.com,Male,43
631,Aldwin,Ugo,augohi@home.pl,Male,27
635,Zebulen,Pagelsen,zpagelsenhm@tripod.com,Male,34
636,Nick,Vale,nvalehn@wiley.com,Male,73
637,Lark,Broseke,lbrosekeho@simplemachines.org,Female,74
639,Morna,Robardet,mrobardethq@earthlink.net,Female,57
640,Neila,Lamartine,nlamartinehr@artisteer.com,Female,18
642,Kayley,Hutton,khuttonht@wsj.com,Female,40
644,Alfonso,Christley,achristleyhv@typepad.com,Male,24
645,Morissa,Syfax,msyfaxhw@state.tx.us,Female,41
646,Valma,Breston,vbrestonhx@reference.com,Female,80
647,Efrem,Finby,efinbyhy@ameblo.jp,Male,74
648,Cordelia,Tamburo,ctamburohz@cbsnews.com,Female,18
649,Kara-lynn,Sinney,ksinneyi0@census.gov,Female,34
650,Gabriello,Albisser,galbisseri1@alibaba.com,Bigender,49
651,Donavon,Spawton,dspawtoni2@amazon.com,Male,28
652,Vonni,Rawles,vrawlesi3@wix.com,Female,36
654,Konrad,Libby,klibbyi5@flavors.me,Male,78
655,Reinwald,Davies,rdaviesi6@alexa.com,Male,21
656,Micaela,Readett,mreadetti7@ibm.com,Female,41
657,Heidi,Firmin,hfirmini8@bandcamp.com,Female,22
658,Sanderson,Wayvill,swayvilli9@upenn.edu,Male,48
659,Gillan,Guillet,gguilletia@ocn.ne.jp,Female,63
660,Tully,Sealey,tsealeyib@cocolog-nifty.com,Male,34
661,Blythe,Gaddesby,bgaddesbyic@photobucket.com,Female,28
662,Edythe,Selwyn,eselwynid@businessinsider.com,Female,40
663,Emmanuel,Molines,emolinesie@devhub.com,Male,71
665,Ardyce,Kiddye,akiddyeig@netvibes.com,Female,77
666,Cherise,Claypole,cclaypoleih@dailymotion.com,Female,32
670,Maxie,Mincini,mminciniil@deliciousdays.com,Male,23
671,Rebekkah,Darrow,rdarrowim@free.fr,Female,60
674,Joanna,Spain,jspainip@columbia.edu,Female,48
675,Madelin,Euels,meuelsiq@loc.gov,Female,48
676,Malinde,Melwall,mmelwallir@behance.net,Female,51
677,Annice,Dinsmore,adinsmoreis@addthis.com,Female,21
678,Nadean,Wildash,nwildashit@canalblog.com,Female,55
679,Mortie,Domerc,mdomerciu@meetup.com,Male,53
680,Federica,Mc Caughen,fmccaugheniv@topsy.com,Female,66
681,Oby,Mulran,omulraniw@marketwatch.com,Male,38
682,Shayne,MacCauley,smaccauleyix@google.es,Bigender,78
683,Diego,Morilla,dmorillaiy@paypal.com,Male,73
688,Michael,Watkiss,mwatkissj3@reuters.com,Male,25
689,Mandel,Flatman,mflatmanj4@reference.com,Male,45
690,Vidovik,Darlington,vdarlingtonj5@timesonline.co.uk,Male,44
694,Terri,Fremantle,tfremantlej9@zimbio.com,Female,46
696,Leeann,Caldroni,lcaldronijb@mozilla.com,Female,67
697,Ly,Whyman,lwhymanjc@google.ca,Male,41
701,Susan,Fellgatt,sfellgattjg@house.gov,Female,42
702,Crosby,Angrick,cangrickjh@wsj.com,Male,45
703,Darby,Muffen,dmuffenji@miitbeian.gov.cn,Male,75
704,Lexi,Waterstone,lwaterstonejj@bing.com,Female,22
706,Patrizia,Oseman,posemanjl@mapquest.com,Female,46
708,Hallsy,Boyat,hboyatjn@infoseek.co.jp,Male,80
710,Veda,Cleminson,vcleminsonjp@parallels.com,Non-binary,18
711,Fey,Gabbetis,fgabbetisjq@ebay.co.uk,Female,27
712,Cynthy,Jagels,cjagelsjr@theglobeandmail.com,Female,52
713,Hyatt,Torrecilla,htorrecillajs@squidoo.com,Male,67
714,Shela,Campes,scampesjt@vkontakte.ru,Female,73
718,Filip,Pywell,fpywelljx@github.io,Male,27
719,Merrick,Ghiotto,mghiottojy@si.edu,Male,28
720,Chip,Perritt,cperrittjz@theglobeandmail.com,Male,57
721,Thurstan,Lunam,tlunamk0@51.la,Male,74
723,Godart,Sidary,gsidaryk2@dion.ne.jp,Male,80
726,Grantley,Bampfield,gbampfieldk5@webnode.com,Male,65
727,Charyl,Lawlan,clawlank6@latimes.com,Female,48
728,Paula,Oneill,poneillk7@hugedomains.com,Female,19
729,Burk,Sangra,bsangrak8@imgur.com,Genderqueer,69
733,Tedman,Ffoulkes,tffoulkeskc@tinypic.com,Male,80
734,Iver,Uman,iumankd@cbslocal.com,Male,35
739,Tracey,Newcombe,tnewcombeki@networkadvertising.org,Male,73
740,Callida,Hackwell,chackwellkj@lycos.com,Female,36
742,Nanny,Armsden,narmsdenkl@uol.com.br,Female,63
746,Dasi,Partrick,dpartrickkp@pinterest.com,Female,47
747,Bernelle,Levesque,blevesquekq@macromedia.com,Female,32
748,Sal,Trollope,strollopekr@canalblog.com,Female,73
749,Elmira,Sangwine,esangwineks@feedburner.com,Genderfluid,28
751,Philippine,Augustus,paugustusku@1688.com,Female,38
752,Mahala,Crinage,mcrinagekv@adobe.com,Female,23
754,Aubine,Addie,aaddiekx@ehow.com,Female,51
755,Selia,Eastby,seastbyky@slideshare.net,Female,79
756,Anissa,Robben,arobbenkz@devhub.com,Polygender,38
757,Tessi,Abbet,tabbetl0@icq.com,Female,62
759,Ursala,Duigenan,uduigenanl2@miitbeian.gov.cn,Female,80
760,Sylvester,Jevon,sjevonl3@cdc.gov,Male,49
761,Jimmie,Duffan,jduffanl4@adobe.com,Non-binary,77
762,Boote,Haggart,bhaggartl5@amazon.de,Genderqueer,61
763,Cad,Culligan,cculliganl6@intel.com,Male,32
764,Alfred,Scimoni,ascimonil7@usatoday.com,Agender,63
765,Dicky,Arnault,darnaultl8@state.gov,Male,58
769,Gennie,Paeckmeyer,gpaeckmeyerlc@newyorker.com,Genderfluid,56
772,Maddie,Roussel,mroussellf@economist.com,Female,25
773,Johnette,Pinder,jpinderlg@cpanel.net,Female,43
775,Felix,Braidon,fbraidonli@webeden.co.uk,Male,20
776,Brooks,Edworthie,bedworthielj@usda.gov,Genderfluid,68
777,Gordon,Budcock,gbudcocklk@dagondesign.com,Male,28
778,Aurea,Dessant,adessantll@nytimes.com,Female,65
779,Haywood,Rudderham,hrudderhamlm@google.fr,Polygender,30
780,Petronia,Celes,pcelesln@cnbc.com,Female,50
781,Deanna,Trevett,dtrevettlo@godaddy.com,Female,68
782,Tomas,Ribeiro,tribeirolp@craigslist.org,Male,43
783,Corby,Sawyer,csawyerlq@ustream.tv,Male,80
787,Lorens,Snead,lsneadlu@usgs.gov,Male,73
788,Winnie,Brinkman,wbrinkmanlv@unc.edu,Female,80
789,Marys,Boleyn,mboleynlw@usda.gov,Female,26
790,Mel,Lampett,mlampettlx@ft.com,Female,70
791,Atlanta,Wornham,awornhamly@cbslocal.com,Female,29
792,Konstance,Goady,kgoadylz@disqus.com,Female,36
793,Philippe,Egglestone,pegglestonem0@barnesandnoble.com,Female,21
794,Aylmar,Lanaway,alanawaym1@wikimedia.org,Male,24
797,Jaime,Sill,jsillm4@usda.gov,Female,46
799,Lesly,Gillson,lgillsonm6@elegantthemes.com,Female,69
802,Felice,Daish,fdaishm9@com.com,Male,39
803,Borden,Semper,bsemperma@about.me,Male,60
805,Stillmann,McPartling,smcpartlingmc@people.com.cn,Male,51
806,Eulalie,Leele,eleelemd@newsvine.com,Female,34
807,Meredithe,Beardsall,mbeardsallme@economist.com,Female,64
808,Goober,Newitt,gnewittmf@macromedia.com,Male,65
809,Moise,Buckenham,mbuckenhammg@examiner.com,Male,63
810,Alla,Scalia,ascaliamh@amazon.com,Female,29
813,Nicol,Merle,nmerlemk@eepurl.com,Male,29
814,Cullie,Farahar,cfaraharml@gov.uk,Male,50
816,Harmonie,Bellam,hbellammn@census.gov,Female,33
818,Karlens,Gregorace,kgregoracemp@tripod.com,Male,68
819,Anne-corinne,Luckman,aluckmanmq@scribd.com,Female,76
820,Nehemiah,Blenkinsop,nblenkinsopmr@bloomberg.com,Male,42
822,Rita,Crossman,rcrossmanmt@yolasite.com,Female,61
823,Phyllys,Klehyn,pklehynmu@virginia.edu,Female,20
825,Kalle,Simner,ksimnermw@bloglines.com,Male,69
826,Jobye,Wapple,jwapplemx@alibaba.com,Female,74
830,Pammi,Van Geffen,pvangeffenn1@bravesites.com,Female,77
832,Merrel,Jurasek,mjurasekn3@creativecommons.org,Male,58
833,Jarrad,Tomaszynski,jtomaszynskin4@squidoo.com,Male,32
835,Elladine,Fass,efassn6@cbslocal.com,Female,60
839,Rose,Rackley,rrackleyna@globo.com,Female,46
842,Selle,Fogden,sfogdennd@xing.com,Female,48
847,Whitaker,Hush,whushni@sbwire.com,Male,68
848,Camel,Blaik,cblaiknj@washington.edu,Female,21
850,Reinhard,MacRedmond,rmacredmondnl@guardian.co.uk,Male,65
852,Averill,Trinke,atrinkenn@fda.gov,Male,77
853,Cleopatra,Klaiser,cklaiserno@zimbio.com,Female,61
854,Sydney,Ovenell,sovenellnp@desdev.cn,Male,55
856,Adan,Dumbrall,adumbrallnr@photobucket.com,Male,66
857,Reece,Berard,rberardns@google.ru,Male,38
858,Lin,Waggatt,lwaggattnt@wordpress.com,Female,20
860,Dehlia,Ruckman,druckmannv@kickstarter.com,Genderqueer,41
861,Julie,Dulake,jdulakenw@surveymonkey.com,Female,44
862,Warner,Lie,wlienx@buzzfeed.com,Non-binary,53
863,Helli,Velti,hveltiny@moonfruit.com,Bigender,18
864,Jo ann,Hasnip,jhasnipnz@icio.us,Female,64
865,Emmett,Haddleston,ehaddlestono0@google.nl,Male,38
866,Davidde,Churly,dchurlyo1@cafepress.com,Male,60
871,Ray,Borgne,rborgneo6@mapy.cz,Male,36
872,Christy,Alenichicov,calenichicovo7@woothemes.com,Female,70
873,Lucienne,Puxley,lpuxleyo8@nifty.com,Female,69
874,Marni,Mollindinia,mmollindiniao9@blinklist.com,Female,54
876,Josie,Human,jhumanob@adobe.com,Female,19
879,Abagael,de Clerk,adeclerkoe@creativecommons.org,Female,26
881,Gay,Leyban,gleybanog@technorati.com,Male,80
882,Yard,Geipel,ygeipeloh@disqus.com,Male,34
883,Billie,Wickie,bwickieoi@jimdo.com,Female,27
887,Andromache,Osbiston,aosbistonom@cmu.edu,Female,76
888,Rick,Claibourn,rclaibournon@behance.net,Non-binary,77
889,Bili,Knoller,bknolleroo@last.fm,Female,63
891,Morena,Blumer,mblumeroq@sbwire.com,Female,43
893,Jonell,Greene,jgreeneos@canalblog.com,Female,38
896,Chancey,Loweth,clowethov@twitpic.com,Male,59
897,Denny,Haime,dhaimeow@plala.or.jp,Male,59
898,Hollyanne,Ashment,hashmentox@lulu.com,Female,63
899,Brander,Brigginshaw,bbrigginshawoy@japanpost.jp,Male,58
900,Kerwin,Northley,knorthleyoz@instagram.com,Male,51
901,Colene,Slot,cslotp0@chicagotribune.com,Female,49
902,Marley,Revett,mrevettp1@studiopress.com,Female,58
906,Garwin,Lockey,glockeyp5@prnewswire.com,Male,24
911,Mauricio,Eyes,meyespa@dot.gov,Male,55
912,Rutger,Quoit,rquoitpb@google.com.br,Male,53
913,Paten,Stuckow,pstuckowpc@imageshack.us,Male,35
917,Marlee,Northedge,mnorthedgepg@xinhuanet.com,Female,77
918,Gayelord,Caillou,gcaillouph@cafepress.com,Male,67
919,Ansley,Witter,awitterpi@buzzfeed.com,Female,23
920,Rodge,Taggerty,rtaggertypj@ow.ly,Male,28
922,Colline,McInulty,cmcinultypl@uol.com.br,Female,58
924,Merlina,McGuff,mmcguffpn@walmart.com,Genderfluid,41
925,Skipp,Bedrosian,sbedrosianpo@ted.com,Genderqueer,72
926,Nap,Dumbelton,ndumbeltonpp@oracle.com,Male,38
927,Aida,Aleixo,aaleixopq@webs.com,Female,57
929,Yalonda,Stoven,ystovenps@360.cn,Female,21
930,Valli,Zorzini,vzorzinipt@ocn.ne.jp,Female,43
931,Dacie,Skermer,dskermerpu@seesaa.net,Female,73
932,Raina,Carthy,rcarthypv@creativecommons.org,Female,22
933,Traver,Matten,tmattenpw@independent.co.uk,Male,71
934,Meghann,Shropshire,mshropshirepx@foxnews.com,Female,19
935,Constancia,Balam,cbalampy@facebook.com,Female,74
937,Callie,Stillman,cstillmanq0@berkeley.edu,Female,80
940,Donnajean,Sporle,dsporleq3@ocn.ne.jp,Female,63
944,Leda,Askam,laskamq7@china.com.cn,Female,20
946,Leroy,Clarkin,lclarkinq9@homestead.com,Male,40
947,Lou,Merton,lmertonqa@foxnews.com,Genderqueer,73
950,Fabiano,Fishly,ffishlyqd@godaddy.com,Bigender,54
951,Noll,Kobisch,nkobischqe@cyberchimps.com,Male,23
952,Alie,Espinal,aespinalqf@livejournal.com,Female,54
954,Saul,Menicomb,smenicombqh@wisc.edu,Non-binary,43
955,Nona,Pheasey,npheaseyqi@shareasale.com,Female,61
959,Tripp,Osgood,tosgoodqm@seattletimes.com,Male,38
960,Leroi,Humber,lhumberqn@sogou.com,Polygender,24
961,Cristina,Feldheim,cfeldheimqo@theglobeandmail.com,Female,67
962,Arel,Mayling,amaylingqp@moonfruit.com,Male,33
963,Cassy,Huggins,chugginsqq@nih.gov,Female,58
964,Ransom,Driffe,rdriffeqr@theglobeandmail.com,Male,36
966,Cobby,d'Escoffier,cdescoffierqt@yellowbook.com,Male,55
968,Simona,McAuslene,smcausleneqv@phpbb.com,Female,50
969,Beatrice,Sandes,bsandesqw@github.com,Female,39
970,Kassie,Pouton,kpoutonqx@fema.gov,Female,39
972,Billy,Peete,bpeeteqz@dot.gov,Female,27
973,Jorge,Calf,jcalfr0@wp.com,Male,57
974,Bertram,Ross,brossr1@usatoday.com,Male,47
975,Cece,Thorouggood,cthorouggoodr2@elegantthemes.com,Male,20
980,Elsie,Daunter,edaunterr7@timesonline.co.uk,Female,77
981,Garwood,Crollman,gcrollmanr8@admin.ch,Male,27
982,Alric,Cheese,acheeser9@elegantthemes.com,Male,70
983,Ringo,Glasson,rglassonra@cbsnews.com,Male,62
984,Rahel,Smallwood,rsmallwoodrb@multiply.com,Female,33
986,Woodrow,Jenman,wjenmanrd@naver.com,Male,40
987,Giselbert,Derl,gderlre@stanford.edu,Male,32
989,Barnaby,Pharoah,bpharoahrg@timesonline.co.uk,Male,49
990,Dory,Nehls,dnehlsrh@so-net.ne.jp,Female,71
991,Rockie,Rispen,rrispenri@ebay.com,Male,70
992,Vevay,Dillow,vdillowrj@si.edu,Female,36
993,Joella,Billanie,jbillanierk@imgur.com,Female,70
994,Cordelia,Wilber,cwilberrl@nature.com,Female,26
996,Any,Guymer,aguymerrn@netlog.com,Male,80
997,Ines,Gaymar,igaymarro@zdnet.com,Female,57
